email,first_name,last_name,company,title
john.smith@acmecorp.com,John,Smith,Acme Corporation,CEO
sarah.johnson@techstartup.io,Sarah,Johnson,Tech Startup Inc,CTO
michael.brown@globalenterprises.com,Michael,Brown,Global Enterprises,VP Sales
emily.davis@innovatehq.co,Emily,Davis,Innovate HQ,Marketing Director
david.wilson@cloudservices.net,David,Wilson,Cloud Services Ltd,Engineering Manager
jennifer.martinez@financeplus.com,Jennifer,Martinez,Finance Plus,CFO
robert.taylor@healthtech.org,Robert,Taylor,HealthTech Solutions,Product Manager
lisa.anderson@creativestudio.design,Lisa,Anderson,Creative Studio,Design Lead
james.thomas@retailgroup.com,James,Thomas,Retail Group Inc,Operations Director
amanda.white@educationco.edu,Amanda,White,Education Co,Program Director
christopher.harris@manufacturing.biz,Christopher,Harris,Manufacturing Ltd,Plant Manager
michelle.clark@consulting.partners,Michelle,Clark,Consulting Partners,Senior Consultant
daniel.lewis@realestate.properties,Daniel,Lewis,Real Estate Pros,Broker
stephanie.walker@mediahouse.tv,Stephanie,Walker,Media House,Content Director
matthew.hall@logistics.express,Matthew,Hall,Logistics Express,Logistics Manager
nicole.allen@nonprofit.org,Nicole,Allen,Nonprofit Foundation,Executive Director
andrew.young@lawfirm.legal,Andrew,Young,Law Firm LLP,Partner
jessica.king@hospitality.group,Jessica,King,Hospitality Group,General Manager
ryan.wright@sportsagency.com,Ryan,Wright,Sports Agency,Agent
laura.lopez@foodservice.co,Laura,Lopez,Food Service Co,Head Chef
kevin.hill@autodealer.cars,Kevin,Hill,Auto Dealer Inc,Sales Manager
ashley.scott@beautybrands.shop,Ashley,Scott,Beauty Brands,Brand Manager
brian.green@construction.build,Brian,Green,Construction Co,Project Manager
samantha.adams@insurance.coverage,Samantha,Adams,Insurance Agency,Account Manager
jason.nelson@telecom.network,Jason,Nelson,Telecom Network,Network Engineer

